{
  "name": "Sync Salesforce Accounts to Acme Customers",
  "description": "When there is a trigger event, do action",
  "version": 3,
  "private": true,
  "concurrency": 1,
  "code": {
    "number": 0,
    "provider": "salesforce",
    "name": "updated_custom_object",
    "as": "79b7117a",
    "title": "New/updated Account",
    "description": "New/updated <span class=\"provider\">Account</span> in <span class=\"provider\">Salesforce</span>",
    "keyword": "trigger",
    "dynamicPickListSelection": {
      "sobject_name": "Account"
    },
    "toggleCfg": {
    },
    "input": {
      "sobject_name": "Account",
      "since_offset": "-3600"
    },
    "extended_output_schema": [
      {
        "type": "string",
        "name": "Description",
        "control_type": "text-area",
        "label": "Account Description",
        "optional": true,
        "custom": false,
        "sfdc_createable": true,
        "sfdc_updateable": true
      },
      {
        "type": "string",
        "name": "Fax",
        "control_type": "phone",
        "label": "Account Fax",
        "optional": true,
        "custom": false,
        "sfdc_createable": true,
        "sfdc_updateable": true
      },
      {
        "type": "string",
        "name": "Id",
        "control_type": "text",
        "label": "Account ID",
        "optional": true,
        "custom": false,
        "key_scope": "Account",
        "sfdc_createable": false,
        "sfdc_updateable": false
      },
      {
        "type": "string",
        "name": "Name",
        "control_type": "text",
        "label": "Account Name",
        "custom": false,
        "event_title": true,
        "sfdc_createable": true,
        "sfdc_updateable": true
      },
      {
        "type": "string",
        "name": "AccountNumber",
        "control_type": "text",
        "label": "Account Number",
        "optional": true,
        "custom": false,
        "sfdc_createable": true,
        "sfdc_updateable": true
      },
      {
        "type": "string",
        "name": "Phone",
        "control_type": "phone",
        "label": "Account Phone",
        "optional": true,
        "custom": false,
        "sfdc_createable": true,
        "sfdc_updateable": true
      },
      {
        "type": "string",
        "name": "Rating",
        "control_type": "select",
        "label": "Account Rating",
        "pick_list": "sobject_field_values_list",
        "pick_list_params": {
          "sobject_name": "\"Account\""
        },
        "optional": true,
        "custom": false,
        "toggle_hint": "Select from list",
        "toggle_field": {
          "control_type": "text",
          "label": "Account Rating",
          "toggle_hint": "Enter custom value",
          "optional": true,
          "custom": false,
          "sfdc_createable": true,
          "sfdc_updateable": true,
          "type": "string",
          "name": "Rating"
        },
        "sfdc_createable": true,
        "sfdc_updateable": true
      },
      {
        "type": "string",
        "name": "Site",
        "control_type": "text",
        "label": "Account Site",
        "optional": true,
        "custom": false,
        "sfdc_createable": true,
        "sfdc_updateable": true
      },
      {
        "type": "string",
        "name": "AccountSource",
        "control_type": "select",
        "label": "Account Source",
        "pick_list": "sobject_field_values_list",
        "pick_list_params": {
          "sobject_name": "\"Account\""
        },
        "optional": true,
        "custom": false,
        "toggle_hint": "Select from list",
        "toggle_field": {
          "control_type": "text",
          "label": "Account Source",
          "toggle_hint": "Enter custom value",
          "optional": true,
          "custom": false,
          "sfdc_createable": true,
          "sfdc_updateable": true,
          "type": "string",
          "name": "AccountSource"
        },
        "sfdc_createable": true,
        "sfdc_updateable": true
      },
      {
        "type": "string",
        "name": "Type",
        "control_type": "select",
        "label": "Account Type",
        "pick_list": "sobject_field_values_list",
        "pick_list_params": {
          "sobject_name": "\"Account\""
        },
        "optional": true,
        "custom": false,
        "toggle_hint": "Select from list",
        "toggle_field": {
          "control_type": "text",
          "label": "Account Type",
          "toggle_hint": "Enter custom value",
          "optional": true,
          "custom": false,
          "sfdc_createable": true,
          "sfdc_updateable": true,
          "type": "string",
          "name": "Type"
        },
        "sfdc_createable": true,
        "sfdc_updateable": true
      },
      {
        "type": "number",
        "name": "AnnualRevenue",
        "control_type": "number",
        "label": "Annual Revenue",
        "optional": true,
        "custom": false,
        "parse_output": "float_conversion",
        "sfdc_createable": true,
        "sfdc_updateable": true
      },
      {
        "type": "object",
        "name": "BillingAddress",
        "label": "Billing Address",
        "optional": true,
        "custom": false,
        "properties": [
          {
            "control_type": "text",
            "label": "City",
            "type": "string",
            "name": "city"
          },
          {
            "control_type": "text",
            "label": "Country",
            "type": "string",
            "name": "country"
          },
          {
            "control_type": "text",
            "label": "Country code",
            "type": "string",
            "name": "countryCode"
          },
          {
            "control_type": "text",
            "label": "Geocode accuracy",
            "type": "string",
            "name": "geocodeAccuracy"
          },
          {
            "control_type": "text",
            "label": "Latitude",
            "type": "string",
            "name": "latitude"
          },
          {
            "control_type": "text",
            "label": "Longitude",
            "type": "string",
            "name": "longitude"
          },
          {
            "control_type": "text",
            "label": "Postal code",
            "type": "string",
            "name": "postalCode"
          },
          {
            "control_type": "text",
            "label": "State",
            "type": "string",
            "name": "state"
          },
          {
            "control_type": "text",
            "label": "State code",
            "type": "string",
            "name": "stateCode"
          },
          {
            "control_type": "text",
            "label": "Street",
            "type": "string",
            "name": "street"
          }
        ],
        "sfdc_createable": false,
        "sfdc_updateable": false,
        "sdfc_address_attribute": true
      },
      {
        "type": "string",
        "name": "BillingCity",
        "control_type": "text",
        "label": "Billing City",
        "optional": true,
        "custom": false,
        "sfdc_createable": true,
        "sfdc_updateable": true
      },
      {
        "type": "string",
        "name": "BillingCountry",
        "control_type": "text",
        "label": "Billing Country",
        "optional": true,
        "custom": false,
        "sfdc_createable": true,
        "sfdc_updateable": true
      },
      {
        "type": "string",
        "name": "BillingGeocodeAccuracy",
        "control_type": "select",
        "label": "Billing Geocode Accuracy",
        "pick_list": "sobject_field_values_list",
        "pick_list_params": {
          "sobject_name": "\"Account\""
        },
        "optional": true,
        "custom": false,
        "toggle_hint": "Select from list",
        "toggle_field": {
          "control_type": "text",
          "label": "Billing Geocode Accuracy",
          "toggle_hint": "Enter custom value",
          "optional": true,
          "custom": false,
          "sfdc_createable": true,
          "sfdc_updateable": true,
          "type": "string",
          "name": "BillingGeocodeAccuracy"
        },
        "sfdc_createable": true,
        "sfdc_updateable": true
      },
      {
        "type": "number",
        "name": "BillingLatitude",
        "control_type": "number",
        "label": "Billing Latitude",
        "optional": true,
        "custom": false,
        "parse_output": "float_conversion",
        "sfdc_createable": true,
        "sfdc_updateable": true
      },
      {
        "type": "number",
        "name": "BillingLongitude",
        "control_type": "number",
        "label": "Billing Longitude",
        "optional": true,
        "custom": false,
        "parse_output": "float_conversion",
        "sfdc_createable": true,
        "sfdc_updateable": true
      },
      {
        "type": "string",
        "name": "BillingState",
        "control_type": "text",
        "label": "Billing State/Province",
        "optional": true,
        "custom": false,
        "sfdc_createable": true,
        "sfdc_updateable": true
      },
      {
        "type": "string",
        "name": "BillingStreet",
        "control_type": "text-area",
        "label": "Billing Street",
        "optional": true,
        "custom": false,
        "sfdc_createable": true,
        "sfdc_updateable": true
      },
      {
        "type": "string",
        "name": "BillingPostalCode",
        "control_type": "text",
        "label": "Billing Zip/Postal Code",
        "optional": true,
        "custom": false,
        "sfdc_createable": true,
        "sfdc_updateable": true
      },
      {
        "type": "string",
        "name": "CleanStatus",
        "control_type": "select",
        "label": "Clean Status",
        "pick_list": "sobject_field_values_list",
        "pick_list_params": {
          "sobject_name": "\"Account\""
        },
        "optional": true,
        "custom": false,
        "toggle_hint": "Select from list",
        "toggle_field": {
          "control_type": "text",
          "label": "Clean Status",
          "toggle_hint": "Enter custom value",
          "optional": true,
          "custom": false,
          "sfdc_createable": true,
          "sfdc_updateable": true,
          "type": "string",
          "name": "CleanStatus"
        },
        "sfdc_createable": true,
        "sfdc_updateable": true
      },
      {
        "type": "string",
        "name": "CreatedById",
        "control_type": "text",
        "label": "Created By ID",
        "optional": true,
        "custom": false,
        "foreign_key": "User",
        "fetch_with": "get_custom_object(id, sobject_name: User)",
        "join_point_label": "Created  by",
        "sfdc_createable": false,
        "sfdc_updateable": false
      },
      {
        "type": "object",
        "name": "get_custom_object+CreatedById",
        "label": "Created  by",
        "properties": [

        ],
        "fetch_with": "get_custom_object(CreatedById>id, sobject_name: User)",
        "join_point": true
      },
      {
        "type": "date_time",
        "name": "CreatedDate",
        "control_type": "date_time",
        "label": "Created Date",
        "optional": true,
        "custom": false,
        "render_input": "render_iso8601_timestamp",
        "parse_output": "parse_iso8601_timestamp",
        "sfdc_createable": false,
        "sfdc_updateable": false
      },
      {
        "type": "string",
        "name": "DandbCompanyId",
        "control_type": "text",
        "label": "D&B Company ID",
        "optional": true,
        "custom": false,
        "foreign_key": "DandBCompany",
        "fetch_with": "get_custom_object(id, sobject_name: DandBCompany)",
        "join_point_label": "D& b  company",
        "sfdc_createable": true,
        "sfdc_updateable": true
      },
      {
        "type": "object",
        "name": "get_custom_object+DandbCompanyId",
        "label": "D& b  company",
        "properties": [

        ],
        "fetch_with": "get_custom_object(DandbCompanyId>id, sobject_name: DandBCompany)",
        "join_point": true
      },
      {
        "type": "string",
        "name": "DunsNumber",
        "control_type": "text",
        "label": "D-U-N-S Number",
        "optional": true,
        "custom": false,
        "sfdc_createable": true,
        "sfdc_updateable": true
      },
      {
        "type": "string",
        "name": "Jigsaw",
        "control_type": "text",
        "label": "Data.com Key",
        "optional": true,
        "custom": false,
        "sfdc_createable": true,
        "sfdc_updateable": true
      },
      {
        "type": "boolean",
        "name": "IsDeleted",
        "control_type": "checkbox",
        "label": "Deleted",
        "optional": true,
        "custom": false,
        "toggle_hint": "Select from option list",
        "toggle_field": {
          "label": "Deleted",
          "control_type": "text",
          "toggle_hint": "Use custom value",
          "optional": true,
          "custom": false,
          "sfdc_createable": false,
          "sfdc_updateable": false,
          "type": "boolean",
          "name": "IsDeleted"
        },
        "render_input": {
        },
        "parse_output": {
        },
        "sfdc_createable": false,
        "sfdc_updateable": false
      },
      {
        "type": "integer",
        "name": "NumberOfEmployees",
        "control_type": "number",
        "label": "Employees",
        "optional": true,
        "custom": false,
        "parse_output": "integer_conversion",
        "sfdc_createable": true,
        "sfdc_updateable": true
      },
      {
        "type": "string",
        "name": "Industry",
        "control_type": "select",
        "label": "Industry",
        "pick_list": "sobject_field_values_list",
        "pick_list_params": {
          "sobject_name": "\"Account\""
        },
        "optional": true,
        "custom": false,
        "toggle_hint": "Select from list",
        "toggle_field": {
          "control_type": "text",
          "label": "Industry",
          "toggle_hint": "Enter custom value",
          "optional": true,
          "custom": false,
          "sfdc_createable": true,
          "sfdc_updateable": true,
          "type": "string",
          "name": "Industry"
        },
        "sfdc_createable": true,
        "sfdc_updateable": true
      },
      {
        "type": "string",
        "name": "JigsawCompanyId",
        "control_type": "text",
        "label": "Jigsaw Company ID",
        "optional": true,
        "custom": false,
        "sfdc_createable": false,
        "sfdc_updateable": false
      },
      {
        "type": "date_time",
        "name": "LastActivityDate",
        "control_type": "date",
        "label": "Last Activity",
        "optional": true,
        "custom": false,
        "render_input": "render_iso8601_date",
        "parse_output": "parse_iso8601_date",
        "sfdc_createable": false,
        "sfdc_updateable": false
      },
      {
        "type": "string",
        "name": "LastModifiedById",
        "control_type": "text",
        "label": "Last Modified By ID",
        "optional": true,
        "custom": false,
        "foreign_key": "User",
        "fetch_with": "get_custom_object(id, sobject_name: User)",
        "join_point_label": "Last  modified  by",
        "sfdc_createable": false,
        "sfdc_updateable": false
      },
      {
        "type": "object",
        "name": "get_custom_object+LastModifiedById",
        "label": "Last  modified  by",
        "properties": [

        ],
        "fetch_with": "get_custom_object(LastModifiedById>id, sobject_name: User)",
        "join_point": true
      },
      {
        "type": "date_time",
        "name": "LastModifiedDate",
        "control_type": "date_time",
        "label": "Last Modified Date",
        "optional": true,
        "custom": false,
        "render_input": "render_iso8601_timestamp",
        "parse_output": "parse_iso8601_timestamp",
        "sfdc_createable": false,
        "sfdc_updateable": false
      },
      {
        "type": "date_time",
        "name": "LastReferencedDate",
        "control_type": "date_time",
        "label": "Last Referenced Date",
        "optional": true,
        "custom": false,
        "render_input": "render_iso8601_timestamp",
        "parse_output": "parse_iso8601_timestamp",
        "sfdc_createable": false,
        "sfdc_updateable": false
      },
      {
        "type": "date_time",
        "name": "LastViewedDate",
        "control_type": "date_time",
        "label": "Last Viewed Date",
        "optional": true,
        "custom": false,
        "render_input": "render_iso8601_timestamp",
        "parse_output": "parse_iso8601_timestamp",
        "sfdc_createable": false,
        "sfdc_updateable": false
      },
      {
        "type": "string",
        "name": "MasterRecordId",
        "control_type": "text",
        "label": "Master Record ID",
        "optional": true,
        "custom": false,
        "foreign_key": "Account",
        "fetch_with": "get_custom_object(id, sobject_name: Account)",
        "join_point_label": "Master  record",
        "sfdc_createable": false,
        "sfdc_updateable": false
      },
      {
        "type": "object",
        "name": "get_custom_object+MasterRecordId",
        "label": "Master  record",
        "properties": [

        ],
        "fetch_with": "get_custom_object(MasterRecordId>id, sobject_name: Account)",
        "join_point": true
      },
      {
        "type": "string",
        "name": "NaicsCode",
        "control_type": "text",
        "label": "NAICS Code",
        "optional": true,
        "custom": false,
        "sfdc_createable": true,
        "sfdc_updateable": true
      },
      {
        "type": "string",
        "name": "NaicsDesc",
        "control_type": "text",
        "label": "NAICS Description",
        "optional": true,
        "custom": false,
        "sfdc_createable": true,
        "sfdc_updateable": true
      },
      {
        "type": "string",
        "name": "OperatingHoursId",
        "control_type": "text",
        "label": "Operating Hour ID",
        "optional": true,
        "custom": false,
        "foreign_key": "OperatingHours",
        "fetch_with": "get_custom_object(id, sobject_name: OperatingHours)",
        "join_point_label": "Operating  hour",
        "sfdc_createable": true,
        "sfdc_updateable": true
      },
      {
        "type": "object",
        "name": "get_custom_object+OperatingHoursId",
        "label": "Operating  hour",
        "properties": [

        ],
        "fetch_with": "get_custom_object(OperatingHoursId>id, sobject_name: OperatingHours)",
        "join_point": true
      },
      {
        "type": "string",
        "name": "OwnerId",
        "control_type": "text",
        "label": "Owner ID",
        "optional": true,
        "custom": false,
        "foreign_key": "User",
        "fetch_with": "get_custom_object(id, sobject_name: User)",
        "join_point_label": "Owner",
        "sfdc_createable": true,
        "sfdc_updateable": true
      },
      {
        "type": "object",
        "name": "get_custom_object+OwnerId",
        "label": "Owner",
        "properties": [

        ],
        "fetch_with": "get_custom_object(OwnerId>id, sobject_name: User)",
        "join_point": true
      },
      {
        "type": "string",
        "name": "Ownership",
        "control_type": "select",
        "label": "Ownership",
        "pick_list": "sobject_field_values_list",
        "pick_list_params": {
          "sobject_name": "\"Account\""
        },
        "optional": true,
        "custom": false,
        "toggle_hint": "Select from list",
        "toggle_field": {
          "control_type": "text",
          "label": "Ownership",
          "toggle_hint": "Enter custom value",
          "optional": true,
          "custom": false,
          "sfdc_createable": true,
          "sfdc_updateable": true,
          "type": "string",
          "name": "Ownership"
        },
        "sfdc_createable": true,
        "sfdc_updateable": true
      },
      {
        "type": "string",
        "name": "ParentId",
        "control_type": "text",
        "label": "Parent Account ID",
        "optional": true,
        "custom": false,
        "foreign_key": "Account",
        "fetch_with": "get_custom_object(id, sobject_name: Account)",
        "join_point_label": "Parent  account",
        "sfdc_createable": true,
        "sfdc_updateable": true
      },
      {
        "type": "object",
        "name": "get_custom_object+ParentId",
        "label": "Parent  account",
        "properties": [

        ],
        "fetch_with": "get_custom_object(ParentId>id, sobject_name: Account)",
        "join_point": true
      },
      {
        "type": "string",
        "name": "PhotoUrl",
        "control_type": "url",
        "label": "Photo URL",
        "optional": true,
        "custom": false,
        "sfdc_createable": false,
        "sfdc_updateable": false
      },
      {
        "type": "string",
        "name": "Sic",
        "control_type": "text",
        "label": "SIC Code",
        "optional": true,
        "custom": false,
        "sfdc_createable": true,
        "sfdc_updateable": true
      },
      {
        "type": "string",
        "name": "SicDesc",
        "control_type": "text",
        "label": "SIC Description",
        "optional": true,
        "custom": false,
        "sfdc_createable": true,
        "sfdc_updateable": true
      },
      {
        "type": "object",
        "name": "ShippingAddress",
        "label": "Shipping Address",
        "optional": true,
        "custom": false,
        "properties": [
          {
            "control_type": "text",
            "label": "City",
            "type": "string",
            "name": "city"
          },
          {
            "control_type": "text",
            "label": "Country",
            "type": "string",
            "name": "country"
          },
          {
            "control_type": "text",
            "label": "Country code",
            "type": "string",
            "name": "countryCode"
          },
          {
            "control_type": "text",
            "label": "Geocode accuracy",
            "type": "string",
            "name": "geocodeAccuracy"
          },
          {
            "control_type": "text",
            "label": "Latitude",
            "type": "string",
            "name": "latitude"
          },
          {
            "control_type": "text",
            "label": "Longitude",
            "type": "string",
            "name": "longitude"
          },
          {
            "control_type": "text",
            "label": "Postal code",
            "type": "string",
            "name": "postalCode"
          },
          {
            "control_type": "text",
            "label": "State",
            "type": "string",
            "name": "state"
          },
          {
            "control_type": "text",
            "label": "State code",
            "type": "string",
            "name": "stateCode"
          },
          {
            "control_type": "text",
            "label": "Street",
            "type": "string",
            "name": "street"
          }
        ],
        "sfdc_createable": false,
        "sfdc_updateable": false,
        "sdfc_address_attribute": true
      },
      {
        "type": "string",
        "name": "ShippingCity",
        "control_type": "text",
        "label": "Shipping City",
        "optional": true,
        "custom": false,
        "sfdc_createable": true,
        "sfdc_updateable": true
      },
      {
        "type": "string",
        "name": "ShippingCountry",
        "control_type": "text",
        "label": "Shipping Country",
        "optional": true,
        "custom": false,
        "sfdc_createable": true,
        "sfdc_updateable": true
      },
      {
        "type": "string",
        "name": "ShippingGeocodeAccuracy",
        "control_type": "select",
        "label": "Shipping Geocode Accuracy",
        "pick_list": "sobject_field_values_list",
        "pick_list_params": {
          "sobject_name": "\"Account\""
        },
        "optional": true,
        "custom": false,
        "toggle_hint": "Select from list",
        "toggle_field": {
          "control_type": "text",
          "label": "Shipping Geocode Accuracy",
          "toggle_hint": "Enter custom value",
          "optional": true,
          "custom": false,
          "sfdc_createable": true,
          "sfdc_updateable": true,
          "type": "string",
          "name": "ShippingGeocodeAccuracy"
        },
        "sfdc_createable": true,
        "sfdc_updateable": true
      },
      {
        "type": "number",
        "name": "ShippingLatitude",
        "control_type": "number",
        "label": "Shipping Latitude",
        "optional": true,
        "custom": false,
        "parse_output": "float_conversion",
        "sfdc_createable": true,
        "sfdc_updateable": true
      },
      {
        "type": "number",
        "name": "ShippingLongitude",
        "control_type": "number",
        "label": "Shipping Longitude",
        "optional": true,
        "custom": false,
        "parse_output": "float_conversion",
        "sfdc_createable": true,
        "sfdc_updateable": true
      },
      {
        "type": "string",
        "name": "ShippingState",
        "control_type": "text",
        "label": "Shipping State/Province",
        "optional": true,
        "custom": false,
        "sfdc_createable": true,
        "sfdc_updateable": true
      },
      {
        "type": "string",
        "name": "ShippingStreet",
        "control_type": "text-area",
        "label": "Shipping Street",
        "optional": true,
        "custom": false,
        "sfdc_createable": true,
        "sfdc_updateable": true
      },
      {
        "type": "string",
        "name": "ShippingPostalCode",
        "control_type": "text",
        "label": "Shipping Zip/Postal Code",
        "optional": true,
        "custom": false,
        "sfdc_createable": true,
        "sfdc_updateable": true
      },
      {
        "type": "date_time",
        "name": "SystemModstamp",
        "control_type": "date_time",
        "label": "System Modstamp",
        "optional": true,
        "custom": false,
        "render_input": "render_iso8601_timestamp",
        "parse_output": "parse_iso8601_timestamp",
        "sfdc_createable": false,
        "sfdc_updateable": false
      },
      {
        "type": "string",
        "name": "TickerSymbol",
        "control_type": "text",
        "label": "Ticker Symbol",
        "optional": true,
        "custom": false,
        "sfdc_createable": true,
        "sfdc_updateable": true
      },
      {
        "type": "string",
        "name": "Tradestyle",
        "control_type": "text",
        "label": "Tradestyle",
        "optional": true,
        "custom": false,
        "sfdc_createable": true,
        "sfdc_updateable": true
      },
      {
        "type": "string",
        "name": "Website",
        "control_type": "url",
        "label": "Website",
        "optional": true,
        "custom": false,
        "sfdc_createable": true,
        "sfdc_updateable": true
      },
      {
        "type": "string",
        "name": "YearStarted",
        "control_type": "text",
        "label": "Year Started",
        "optional": true,
        "custom": false,
        "sfdc_createable": true,
        "sfdc_updateable": true
      },
      {
        "type": "string",
        "name": "Active__c",
        "control_type": "select",
        "label": "Active",
        "pick_list": "sobject_field_values_list",
        "pick_list_params": {
          "sobject_name": "\"Account\""
        },
        "optional": true,
        "custom": true,
        "toggle_hint": "Select from list",
        "toggle_field": {
          "control_type": "text",
          "label": "Active",
          "toggle_hint": "Enter custom value",
          "optional": true,
          "custom": true,
          "sfdc_createable": true,
          "sfdc_updateable": true,
          "type": "string",
          "name": "Active__c"
        },
        "sfdc_createable": true,
        "sfdc_updateable": true
      },
      {
        "type": "string",
        "name": "CustomerPriority__c",
        "control_type": "select",
        "label": "Customer Priority",
        "pick_list": "sobject_field_values_list",
        "pick_list_params": {
          "sobject_name": "\"Account\""
        },
        "optional": true,
        "custom": true,
        "toggle_hint": "Select from list",
        "toggle_field": {
          "control_type": "text",
          "label": "Customer Priority",
          "toggle_hint": "Enter custom value",
          "optional": true,
          "custom": true,
          "sfdc_createable": true,
          "sfdc_updateable": true,
          "type": "string",
          "name": "CustomerPriority__c"
        },
        "sfdc_createable": true,
        "sfdc_updateable": true
      },
      {
        "type": "number",
        "name": "NumberofLocations__c",
        "control_type": "number",
        "label": "Number of Locations",
        "optional": true,
        "custom": true,
        "parse_output": "float_conversion",
        "sfdc_createable": true,
        "sfdc_updateable": true
      },
      {
        "type": "string",
        "name": "SLA__c",
        "control_type": "select",
        "label": "SLA",
        "pick_list": "sobject_field_values_list",
        "pick_list_params": {
          "sobject_name": "\"Account\""
        },
        "optional": true,
        "custom": true,
        "toggle_hint": "Select from list",
        "toggle_field": {
          "control_type": "text",
          "label": "SLA",
          "toggle_hint": "Enter custom value",
          "optional": true,
          "custom": true,
          "sfdc_createable": true,
          "sfdc_updateable": true,
          "type": "string",
          "name": "SLA__c"
        },
        "sfdc_createable": true,
        "sfdc_updateable": true
      },
      {
        "type": "date_time",
        "name": "SLAExpirationDate__c",
        "control_type": "date",
        "label": "SLA Expiration Date",
        "optional": true,
        "custom": true,
        "render_input": "render_iso8601_date",
        "parse_output": "parse_iso8601_date",
        "sfdc_createable": true,
        "sfdc_updateable": true
      },
      {
        "type": "string",
        "name": "SLASerialNumber__c",
        "control_type": "text",
        "label": "SLA Serial Number",
        "optional": true,
        "custom": true,
        "sfdc_createable": true,
        "sfdc_updateable": true
      },
      {
        "type": "string",
        "name": "UpsellOpportunity__c",
        "control_type": "select",
        "label": "Upsell Opportunity",
        "pick_list": "sobject_field_values_list",
        "pick_list_params": {
          "sobject_name": "\"Account\""
        },
        "optional": true,
        "custom": true,
        "toggle_hint": "Select from list",
        "toggle_field": {
          "control_type": "text",
          "label": "Upsell Opportunity",
          "toggle_hint": "Enter custom value",
          "optional": true,
          "custom": true,
          "sfdc_createable": true,
          "sfdc_updateable": true,
          "type": "string",
          "name": "UpsellOpportunity__c"
        },
        "sfdc_createable": true,
        "sfdc_updateable": true
      },
      {
        "type": "object",
        "name": "CombinedAttachments",
        "label": "Combined attachments",
        "properties": [
          {
            "control_type": "number",
            "label": "Total size",
            "parse_output": "integer_conversion",
            "type": "integer",
            "name": "totalSize"
          },
          {
            "name": "records",
            "type": "array",
            "of": "object",
            "label": "Files",
            "properties": [
              {
                "control_type": "text",
                "label": "ID",
                "type": "string",
                "name": "Id"
              },
              {
                "control_type": "number",
                "label": "Content size",
                "parse_output": "integer_conversion",
                "type": "integer",
                "name": "ContentSize"
              },
              {
                "control_type": "url",
                "label": "Content URL",
                "type": "string",
                "name": "ContentUrl"
              },
              {
                "control_type": "text",
                "label": "File extension",
                "type": "string",
                "name": "FileExtension"
              },
              {
                "control_type": "text",
                "label": "File type",
                "type": "string",
                "name": "FileType"
              },
              {
                "control_type": "text",
                "label": "Parent ID",
                "type": "string",
                "name": "ParentId"
              },
              {
                "control_type": "text",
                "label": "Record type",
                "type": "string",
                "name": "RecordType"
              },
              {
                "control_type": "text",
                "label": "Title",
                "type": "string",
                "name": "Title"
              }
            ]
          }
        ],
        "sfdc_field_type": "CombinedAttachment"
      }
    ],
    "extended_input_schema": [
      {
        "type": "string",
        "name": "since_offset",
        "control_type": "select",
        "label": "When first started, this recipe should pick up events from",
        "hint": "When starting the recipe for the first time, picks up Salesforce records from the specified date and time. <b>Once the recipe has been run or tested, this value cannot be changed.</b>",
        "default": -3600,
        "pick_list": [
          [
            "Recipe start",
            0
          ],
          [
            "An hour ago",
            -3600
          ],
          [
            "Yesterday",
            -86400
          ],
          [
            "Last week",
            -604800
          ],
          [
            "Last month",
            -2629746
          ],
          [
            "Beginning of time",
            "no_limit"
          ]
        ],
        "toggle_hint": "Select from list",
        "toggle_field": {
          "control_type": "date_time",
          "label": "When first started, this recipe should pick up events from",
          "render_input": "convert_date_time",
          "parse_output": "convert_date_time",
          "toggle_hint": "Enter custom value",
          "since_field": true,
          "hint": "When starting the recipe for the first time, picks up Salesforce records from the specified date and time. <b>Once the recipe has been run or tested, this value cannot be changed.</b>",
          "type": "date_time",
          "name": "since"
        },
        "since_field": true
      }
    ],
    "block": [
      {
        "number": 1,
        "provider": "new_connector_1_connector_209050_1612935261",
        "name": "create_customer",
        "as": "84073ce6",
        "title": null,
        "description": null,
        "keyword": "action",
        "dynamicPickListSelection": {
        },
        "toggleCfg": {
        },
        "input": {
          "name": "#{_('data.salesforce.79b7117a.Name')}"
        },
        "extended_output_schema": [
          {
            "type": "string",
            "name": "id",
            "control_type": "text",
            "label": "ID",
            "optional": true
          },
          {
            "type": "string",
            "name": "name",
            "control_type": "text",
            "label": "Name",
            "optional": true
          },
          {
            "type": "string",
            "name": "email",
            "control_type": "text",
            "label": "Email",
            "optional": true
          }
        ],
        "visible_config_fields": [
          "name"
        ],
        "uuid": "3909295f-33f8-4ace-beb2-b12a31b2d3e1"
      }
    ],
    "uuid": "d2ecbe68-cffa-4b69-ad8e-2097cb2b96e1"
  },
  "config": [
    {
      "keyword": "application",
      "provider": "salesforce",
      "account_id": {
        "zip_name": "embedded_sandbox.connection.json",
        "name": "Embedded Sandbox",
        "folder": ""
      },
      "skip_validation": false
    },
    {
      "keyword": "application",
      "provider": "new_connector_1_connector_209050_1612935261",
      "account_id": null,
      "skip_validation": false
    }
  ]
}