{
  "name": "Sync Acme Issues to Salesforce Cases",
  "description": "When there is a trigger event, do action",
  "version": 12,
  "private": true,
  "concurrency": 1,
  "code": {
    "number": 0,
    "provider": "new_connector_1_connector_209050_1612935261",
    "name": "new_updated_issue",
    "as": "b7ea12f8",
    "title": null,
    "description": null,
    "keyword": "trigger",
    "dynamicPickListSelection": {
    },
    "toggleCfg": {
    },
    "input": {
      "since": "2021-02-01T00:00:00-08:00"
    },
    "block": [
      {
        "number": 1,
        "keyword": "try",
        "dynamicPickListSelection": {
        },
        "toggleCfg": {
        },
        "input": {
        },
        "block": [
          {
            "number": 2,
            "provider": "salesforce",
            "name": "search_sobjects",
            "as": "c621dd29",
            "title": "Search Cases",
            "description": "Search for <span class=\"provider\">Cases</span> in <span class=\"provider\">Salesforce</span>",
            "keyword": "action",
            "dynamicPickListSelection": {
              "sobject_name": "Case"
            },
            "toggleCfg": {
            },
            "input": {
              "limit": "150",
              "sobject_name": "Case",
              "SuppliedName": "#{_('data.new_connector_1_connector_209050_1612935261.b7ea12f8.name')}"
            },
            "extended_output_schema": [
              {
                "label": "Cases",
                "name": "Case",
                "of": "object",
                "properties": [
                  {
                    "control_type": "text",
                    "label": "Account ID",
                    "foreign_key": "Account",
                    "fetch_with": "get_custom_object(id, sobject_name: Account)",
                    "join_point_label": "Account",
                    "optional": true,
                    "custom": false,
                    "sfdc_createable": true,
                    "sfdc_updateable": true,
                    "type": "string",
                    "name": "AccountId"
                  },
                  {
                    "name": "get_custom_object+AccountId",
                    "type": "object",
                    "label": "Account",
                    "fetch_with": "get_custom_object(AccountId>id, sobject_name: Account)",
                    "join_point": true,
                    "properties": [

                    ]
                  },
                  {
                    "control_type": "text",
                    "label": "Asset ID",
                    "foreign_key": "Asset",
                    "fetch_with": "get_custom_object(id, sobject_name: Asset)",
                    "join_point_label": "Asset",
                    "optional": true,
                    "custom": false,
                    "sfdc_createable": true,
                    "sfdc_updateable": true,
                    "type": "string",
                    "name": "AssetId"
                  },
                  {
                    "name": "get_custom_object+AssetId",
                    "type": "object",
                    "label": "Asset",
                    "fetch_with": "get_custom_object(AssetId>id, sobject_name: Asset)",
                    "join_point": true,
                    "properties": [

                    ]
                  },
                  {
                    "control_type": "text",
                    "label": "Case ID",
                    "optional": true,
                    "custom": false,
                    "sfdc_createable": false,
                    "sfdc_updateable": false,
                    "type": "string",
                    "name": "Id"
                  },
                  {
                    "control_type": "text",
                    "label": "Case Number",
                    "optional": true,
                    "custom": false,
                    "sfdc_createable": false,
                    "sfdc_updateable": false,
                    "type": "string",
                    "name": "CaseNumber"
                  },
                  {
                    "control_type": "select",
                    "label": "Case Origin",
                    "pick_list": "sobject_field_values_list",
                    "pick_list_params": {
                      "sobject_name": "\"Case\""
                    },
                    "toggle_hint": "Select from list",
                    "toggle_field": {
                      "control_type": "text",
                      "label": "Case Origin",
                      "toggle_hint": "Enter custom value",
                      "optional": true,
                      "custom": false,
                      "sfdc_createable": true,
                      "sfdc_updateable": true,
                      "type": "string",
                      "name": "Origin"
                    },
                    "optional": true,
                    "custom": false,
                    "sfdc_createable": true,
                    "sfdc_updateable": true,
                    "type": "string",
                    "name": "Origin"
                  },
                  {
                    "control_type": "select",
                    "label": "Case Reason",
                    "pick_list": "sobject_field_values_list",
                    "pick_list_params": {
                      "sobject_name": "\"Case\""
                    },
                    "toggle_hint": "Select from list",
                    "toggle_field": {
                      "control_type": "text",
                      "label": "Case Reason",
                      "toggle_hint": "Enter custom value",
                      "optional": true,
                      "custom": false,
                      "sfdc_createable": true,
                      "sfdc_updateable": true,
                      "type": "string",
                      "name": "Reason"
                    },
                    "optional": true,
                    "custom": false,
                    "sfdc_createable": true,
                    "sfdc_updateable": true,
                    "type": "string",
                    "name": "Reason"
                  },
                  {
                    "control_type": "select",
                    "label": "Case Type",
                    "pick_list": "sobject_field_values_list",
                    "pick_list_params": {
                      "sobject_name": "\"Case\""
                    },
                    "toggle_hint": "Select from list",
                    "toggle_field": {
                      "control_type": "text",
                      "label": "Case Type",
                      "toggle_hint": "Enter custom value",
                      "optional": true,
                      "custom": false,
                      "sfdc_createable": true,
                      "sfdc_updateable": true,
                      "type": "string",
                      "name": "Type"
                    },
                    "optional": true,
                    "custom": false,
                    "sfdc_createable": true,
                    "sfdc_updateable": true,
                    "type": "string",
                    "name": "Type"
                  },
                  {
                    "control_type": "checkbox",
                    "label": "Closed",
                    "render_input": {
                    },
                    "parse_output": {
                    },
                    "toggle_hint": "Select from option list",
                    "toggle_field": {
                      "label": "Closed",
                      "control_type": "text",
                      "toggle_hint": "Use custom value",
                      "optional": true,
                      "custom": false,
                      "sfdc_createable": false,
                      "sfdc_updateable": false,
                      "type": "boolean",
                      "name": "IsClosed"
                    },
                    "optional": true,
                    "custom": false,
                    "sfdc_createable": false,
                    "sfdc_updateable": false,
                    "type": "boolean",
                    "name": "IsClosed"
                  },
                  {
                    "control_type": "date_time",
                    "label": "Closed Date",
                    "render_input": "render_iso8601_timestamp",
                    "parse_output": "parse_iso8601_timestamp",
                    "optional": true,
                    "custom": false,
                    "sfdc_createable": false,
                    "sfdc_updateable": false,
                    "type": "date_time",
                    "name": "ClosedDate"
                  },
                  {
                    "control_type": "text",
                    "label": "Company",
                    "optional": true,
                    "custom": false,
                    "sfdc_createable": true,
                    "sfdc_updateable": true,
                    "type": "string",
                    "name": "SuppliedCompany"
                  },
                  {
                    "control_type": "text",
                    "label": "Contact Email",
                    "optional": true,
                    "custom": false,
                    "sfdc_createable": false,
                    "sfdc_updateable": false,
                    "type": "string",
                    "name": "ContactEmail"
                  },
                  {
                    "control_type": "phone",
                    "label": "Contact Fax",
                    "optional": true,
                    "custom": false,
                    "sfdc_createable": false,
                    "sfdc_updateable": false,
                    "type": "string",
                    "name": "ContactFax"
                  },
                  {
                    "control_type": "text",
                    "label": "Contact ID",
                    "foreign_key": "Contact",
                    "fetch_with": "get_custom_object(id, sobject_name: Contact)",
                    "join_point_label": "Contact",
                    "optional": true,
                    "custom": false,
                    "sfdc_createable": true,
                    "sfdc_updateable": true,
                    "type": "string",
                    "name": "ContactId"
                  },
                  {
                    "name": "get_custom_object+ContactId",
                    "type": "object",
                    "label": "Contact",
                    "fetch_with": "get_custom_object(ContactId>id, sobject_name: Contact)",
                    "join_point": true,
                    "properties": [

                    ]
                  },
                  {
                    "control_type": "phone",
                    "label": "Contact Mobile",
                    "optional": true,
                    "custom": false,
                    "sfdc_createable": false,
                    "sfdc_updateable": false,
                    "type": "string",
                    "name": "ContactMobile"
                  },
                  {
                    "control_type": "phone",
                    "label": "Contact Phone",
                    "optional": true,
                    "custom": false,
                    "sfdc_createable": false,
                    "sfdc_updateable": false,
                    "type": "string",
                    "name": "ContactPhone"
                  },
                  {
                    "control_type": "text",
                    "label": "Created By ID",
                    "foreign_key": "User",
                    "fetch_with": "get_custom_object(id, sobject_name: User)",
                    "join_point_label": "Created  by",
                    "optional": true,
                    "custom": false,
                    "sfdc_createable": false,
                    "sfdc_updateable": false,
                    "type": "string",
                    "name": "CreatedById"
                  },
                  {
                    "name": "get_custom_object+CreatedById",
                    "type": "object",
                    "label": "Created  by",
                    "fetch_with": "get_custom_object(CreatedById>id, sobject_name: User)",
                    "join_point": true,
                    "properties": [

                    ]
                  },
                  {
                    "control_type": "date_time",
                    "label": "Created Date",
                    "render_input": "render_iso8601_timestamp",
                    "parse_output": "parse_iso8601_timestamp",
                    "optional": true,
                    "custom": false,
                    "sfdc_createable": false,
                    "sfdc_updateable": false,
                    "type": "date_time",
                    "name": "CreatedDate"
                  },
                  {
                    "control_type": "checkbox",
                    "label": "Deleted",
                    "render_input": {
                    },
                    "parse_output": {
                    },
                    "toggle_hint": "Select from option list",
                    "toggle_field": {
                      "label": "Deleted",
                      "control_type": "text",
                      "toggle_hint": "Use custom value",
                      "optional": true,
                      "custom": false,
                      "sfdc_createable": false,
                      "sfdc_updateable": false,
                      "type": "boolean",
                      "name": "IsDeleted"
                    },
                    "optional": true,
                    "custom": false,
                    "sfdc_createable": false,
                    "sfdc_updateable": false,
                    "type": "boolean",
                    "name": "IsDeleted"
                  },
                  {
                    "control_type": "text-area",
                    "label": "Description",
                    "optional": true,
                    "custom": false,
                    "sfdc_createable": true,
                    "sfdc_updateable": true,
                    "type": "string",
                    "name": "Description"
                  },
                  {
                    "control_type": "text",
                    "label": "Email Address",
                    "optional": true,
                    "custom": false,
                    "sfdc_createable": true,
                    "sfdc_updateable": true,
                    "type": "string",
                    "name": "SuppliedEmail"
                  },
                  {
                    "control_type": "checkbox",
                    "label": "Escalated",
                    "render_input": {
                    },
                    "parse_output": {
                    },
                    "toggle_hint": "Select from option list",
                    "toggle_field": {
                      "label": "Escalated",
                      "control_type": "text",
                      "toggle_hint": "Use custom value",
                      "optional": true,
                      "custom": false,
                      "sfdc_createable": true,
                      "sfdc_updateable": true,
                      "type": "boolean",
                      "name": "IsEscalated"
                    },
                    "optional": true,
                    "custom": false,
                    "sfdc_createable": true,
                    "sfdc_updateable": true,
                    "type": "boolean",
                    "name": "IsEscalated"
                  },
                  {
                    "control_type": "text-area",
                    "label": "Internal Comments",
                    "optional": true,
                    "custom": false,
                    "sfdc_createable": true,
                    "sfdc_updateable": true,
                    "type": "string",
                    "name": "Comments"
                  },
                  {
                    "control_type": "text",
                    "label": "Last Modified By ID",
                    "foreign_key": "User",
                    "fetch_with": "get_custom_object(id, sobject_name: User)",
                    "join_point_label": "Last  modified  by",
                    "optional": true,
                    "custom": false,
                    "sfdc_createable": false,
                    "sfdc_updateable": false,
                    "type": "string",
                    "name": "LastModifiedById"
                  },
                  {
                    "name": "get_custom_object+LastModifiedById",
                    "type": "object",
                    "label": "Last  modified  by",
                    "fetch_with": "get_custom_object(LastModifiedById>id, sobject_name: User)",
                    "join_point": true,
                    "properties": [

                    ]
                  },
                  {
                    "control_type": "date_time",
                    "label": "Last Modified Date",
                    "render_input": "render_iso8601_timestamp",
                    "parse_output": "parse_iso8601_timestamp",
                    "optional": true,
                    "custom": false,
                    "sfdc_createable": false,
                    "sfdc_updateable": false,
                    "type": "date_time",
                    "name": "LastModifiedDate"
                  },
                  {
                    "control_type": "date_time",
                    "label": "Last Referenced Date",
                    "render_input": "render_iso8601_timestamp",
                    "parse_output": "parse_iso8601_timestamp",
                    "optional": true,
                    "custom": false,
                    "sfdc_createable": false,
                    "sfdc_updateable": false,
                    "type": "date_time",
                    "name": "LastReferencedDate"
                  },
                  {
                    "control_type": "date_time",
                    "label": "Last Viewed Date",
                    "render_input": "render_iso8601_timestamp",
                    "parse_output": "parse_iso8601_timestamp",
                    "optional": true,
                    "custom": false,
                    "sfdc_createable": false,
                    "sfdc_updateable": false,
                    "type": "date_time",
                    "name": "LastViewedDate"
                  },
                  {
                    "control_type": "text",
                    "label": "Master Record ID",
                    "foreign_key": "Case",
                    "fetch_with": "get_custom_object(id, sobject_name: Case)",
                    "join_point_label": "Master  record",
                    "optional": true,
                    "custom": false,
                    "sfdc_createable": false,
                    "sfdc_updateable": false,
                    "type": "string",
                    "name": "MasterRecordId"
                  },
                  {
                    "name": "get_custom_object+MasterRecordId",
                    "type": "object",
                    "label": "Master  record",
                    "fetch_with": "get_custom_object(MasterRecordId>id, sobject_name: Case)",
                    "join_point": true,
                    "properties": [

                    ]
                  },
                  {
                    "control_type": "text",
                    "label": "Name",
                    "optional": true,
                    "custom": false,
                    "sfdc_createable": true,
                    "sfdc_updateable": true,
                    "type": "string",
                    "name": "SuppliedName"
                  },
                  {
                    "control_type": "text",
                    "label": "Owner ID",
                    "foreign_key": "Group",
                    "fetch_with": "get_custom_object(id, sobject_name: Group)",
                    "join_point_label": "Owner",
                    "optional": true,
                    "custom": false,
                    "sfdc_createable": true,
                    "sfdc_updateable": true,
                    "type": "string",
                    "name": "OwnerId"
                  },
                  {
                    "name": "get_custom_object+OwnerId",
                    "type": "object",
                    "label": "Owner",
                    "fetch_with": "get_custom_object(OwnerId>id, sobject_name: Group)",
                    "join_point": true,
                    "properties": [

                    ]
                  },
                  {
                    "control_type": "text",
                    "label": "Parent Case ID",
                    "foreign_key": "Case",
                    "fetch_with": "get_custom_object(id, sobject_name: Case)",
                    "join_point_label": "Parent  case",
                    "optional": true,
                    "custom": false,
                    "sfdc_createable": true,
                    "sfdc_updateable": true,
                    "type": "string",
                    "name": "ParentId"
                  },
                  {
                    "name": "get_custom_object+ParentId",
                    "type": "object",
                    "label": "Parent  case",
                    "fetch_with": "get_custom_object(ParentId>id, sobject_name: Case)",
                    "join_point": true,
                    "properties": [

                    ]
                  },
                  {
                    "control_type": "text",
                    "label": "Phone",
                    "optional": true,
                    "custom": false,
                    "sfdc_createable": true,
                    "sfdc_updateable": true,
                    "type": "string",
                    "name": "SuppliedPhone"
                  },
                  {
                    "control_type": "select",
                    "label": "Priority",
                    "pick_list": "sobject_field_values_list",
                    "pick_list_params": {
                      "sobject_name": "\"Case\""
                    },
                    "toggle_hint": "Select from list",
                    "toggle_field": {
                      "control_type": "text",
                      "label": "Priority",
                      "toggle_hint": "Enter custom value",
                      "optional": true,
                      "custom": false,
                      "sfdc_createable": true,
                      "sfdc_updateable": true,
                      "type": "string",
                      "name": "Priority"
                    },
                    "optional": true,
                    "custom": false,
                    "sfdc_createable": true,
                    "sfdc_updateable": true,
                    "type": "string",
                    "name": "Priority"
                  },
                  {
                    "control_type": "text",
                    "label": "Source ID",
                    "foreign_key": "EmailMessage",
                    "fetch_with": "get_custom_object(id, sobject_name: EmailMessage)",
                    "join_point_label": "Source",
                    "optional": true,
                    "custom": false,
                    "sfdc_createable": true,
                    "sfdc_updateable": true,
                    "type": "string",
                    "name": "SourceId"
                  },
                  {
                    "name": "get_custom_object+SourceId",
                    "type": "object",
                    "label": "Source",
                    "fetch_with": "get_custom_object(SourceId>id, sobject_name: EmailMessage)",
                    "join_point": true,
                    "properties": [

                    ]
                  },
                  {
                    "control_type": "select",
                    "label": "Status",
                    "pick_list": "sobject_field_values_list",
                    "pick_list_params": {
                      "sobject_name": "\"Case\""
                    },
                    "toggle_hint": "Select from list",
                    "toggle_field": {
                      "control_type": "text",
                      "label": "Status",
                      "toggle_hint": "Enter custom value",
                      "optional": true,
                      "custom": false,
                      "sfdc_createable": true,
                      "sfdc_updateable": true,
                      "type": "string",
                      "name": "Status"
                    },
                    "optional": true,
                    "custom": false,
                    "sfdc_createable": true,
                    "sfdc_updateable": true,
                    "type": "string",
                    "name": "Status"
                  },
                  {
                    "control_type": "text",
                    "label": "Subject",
                    "optional": true,
                    "custom": false,
                    "sfdc_createable": true,
                    "sfdc_updateable": true,
                    "type": "string",
                    "name": "Subject"
                  },
                  {
                    "control_type": "date_time",
                    "label": "System Modstamp",
                    "render_input": "render_iso8601_timestamp",
                    "parse_output": "parse_iso8601_timestamp",
                    "optional": true,
                    "custom": false,
                    "sfdc_createable": false,
                    "sfdc_updateable": false,
                    "type": "date_time",
                    "name": "SystemModstamp"
                  },
                  {
                    "control_type": "text",
                    "label": "Engineering Req Number",
                    "optional": true,
                    "custom": true,
                    "sfdc_createable": true,
                    "sfdc_updateable": true,
                    "type": "string",
                    "name": "EngineeringReqNumber__c"
                  },
                  {
                    "control_type": "select",
                    "label": "Potential Liability",
                    "pick_list": "sobject_field_values_list",
                    "pick_list_params": {
                      "sobject_name": "\"Case\""
                    },
                    "toggle_hint": "Select from list",
                    "toggle_field": {
                      "control_type": "text",
                      "label": "Potential Liability",
                      "toggle_hint": "Enter custom value",
                      "optional": true,
                      "custom": true,
                      "sfdc_createable": true,
                      "sfdc_updateable": true,
                      "type": "string",
                      "name": "PotentialLiability__c"
                    },
                    "optional": true,
                    "custom": true,
                    "sfdc_createable": true,
                    "sfdc_updateable": true,
                    "type": "string",
                    "name": "PotentialLiability__c"
                  },
                  {
                    "control_type": "select",
                    "label": "Product",
                    "pick_list": "sobject_field_values_list",
                    "pick_list_params": {
                      "sobject_name": "\"Case\""
                    },
                    "toggle_hint": "Select from list",
                    "toggle_field": {
                      "control_type": "text",
                      "label": "Product",
                      "toggle_hint": "Enter custom value",
                      "optional": true,
                      "custom": true,
                      "sfdc_createable": true,
                      "sfdc_updateable": true,
                      "type": "string",
                      "name": "Product__c"
                    },
                    "optional": true,
                    "custom": true,
                    "sfdc_createable": true,
                    "sfdc_updateable": true,
                    "type": "string",
                    "name": "Product__c"
                  },
                  {
                    "control_type": "select",
                    "label": "SLA Violation",
                    "pick_list": "sobject_field_values_list",
                    "pick_list_params": {
                      "sobject_name": "\"Case\""
                    },
                    "toggle_hint": "Select from list",
                    "toggle_field": {
                      "control_type": "text",
                      "label": "SLA Violation",
                      "toggle_hint": "Enter custom value",
                      "optional": true,
                      "custom": true,
                      "sfdc_createable": true,
                      "sfdc_updateable": true,
                      "type": "string",
                      "name": "SLAViolation__c"
                    },
                    "optional": true,
                    "custom": true,
                    "sfdc_createable": true,
                    "sfdc_updateable": true,
                    "type": "string",
                    "name": "SLAViolation__c"
                  },
                  {
                    "properties": [
                      {
                        "control_type": "number",
                        "label": "Total size",
                        "parse_output": "integer_conversion",
                        "type": "integer",
                        "name": "totalSize"
                      },
                      {
                        "name": "records",
                        "type": "array",
                        "of": "object",
                        "label": "Files",
                        "properties": [
                          {
                            "control_type": "text",
                            "label": "ID",
                            "type": "string",
                            "name": "Id"
                          },
                          {
                            "control_type": "number",
                            "label": "Content size",
                            "parse_output": "integer_conversion",
                            "type": "integer",
                            "name": "ContentSize"
                          },
                          {
                            "control_type": "url",
                            "label": "Content URL",
                            "type": "string",
                            "name": "ContentUrl"
                          },
                          {
                            "control_type": "text",
                            "label": "File extension",
                            "type": "string",
                            "name": "FileExtension"
                          },
                          {
                            "control_type": "text",
                            "label": "File type",
                            "type": "string",
                            "name": "FileType"
                          },
                          {
                            "control_type": "text",
                            "label": "Parent ID",
                            "type": "string",
                            "name": "ParentId"
                          },
                          {
                            "control_type": "text",
                            "label": "Record type",
                            "type": "string",
                            "name": "RecordType"
                          },
                          {
                            "control_type": "text",
                            "label": "Title",
                            "type": "string",
                            "name": "Title"
                          }
                        ]
                      }
                    ],
                    "label": "Combined attachments",
                    "sfdc_field_type": "CombinedAttachment",
                    "type": "object",
                    "name": "CombinedAttachments"
                  }
                ],
                "type": "array"
              },
              {
                "control_type": "number",
                "label": "List size",
                "name": "list_size",
                "parse_output": "integer_conversion",
                "type": "integer"
              }
            ],
            "extended_input_schema": [
              {
                "control_type": "text",
                "custom": false,
                "label": "Account ID",
                "name": "AccountId",
                "optional": true,
                "type": "string",
                "sfdc_createable": true,
                "sfdc_updateable": true
              },
              {
                "control_type": "text",
                "custom": false,
                "label": "Asset ID",
                "name": "AssetId",
                "optional": true,
                "type": "string",
                "sfdc_createable": true,
                "sfdc_updateable": true
              },
              {
                "control_type": "text",
                "custom": false,
                "label": "Case ID",
                "name": "Id",
                "optional": true,
                "sticky": true,
                "type": "string",
                "sfdc_createable": false,
                "sfdc_updateable": false
              },
              {
                "control_type": "text",
                "custom": false,
                "label": "Case Number",
                "name": "CaseNumber",
                "optional": true,
                "type": "string",
                "sfdc_createable": false,
                "sfdc_updateable": false
              },
              {
                "control_type": "select",
                "custom": false,
                "label": "Case Origin",
                "name": "Origin",
                "optional": true,
                "pick_list": "sobject_field_values_list",
                "pick_list_params": {
                  "sobject_name": "\"Case\""
                },
                "toggle_field": {
                  "control_type": "text",
                  "label": "Case Origin",
                  "toggle_hint": "Enter custom value",
                  "optional": true,
                  "custom": false,
                  "sfdc_createable": true,
                  "sfdc_updateable": true,
                  "type": "string",
                  "name": "Origin"
                },
                "toggle_hint": "Select from list",
                "type": "string",
                "sfdc_createable": true,
                "sfdc_updateable": true
              },
              {
                "control_type": "select",
                "custom": false,
                "label": "Case Reason",
                "name": "Reason",
                "optional": true,
                "pick_list": "sobject_field_values_list",
                "pick_list_params": {
                  "sobject_name": "\"Case\""
                },
                "toggle_field": {
                  "control_type": "text",
                  "label": "Case Reason",
                  "toggle_hint": "Enter custom value",
                  "optional": true,
                  "custom": false,
                  "sfdc_createable": true,
                  "sfdc_updateable": true,
                  "type": "string",
                  "name": "Reason"
                },
                "toggle_hint": "Select from list",
                "type": "string",
                "sfdc_createable": true,
                "sfdc_updateable": true
              },
              {
                "control_type": "select",
                "custom": false,
                "label": "Case Type",
                "name": "Type",
                "optional": true,
                "pick_list": "sobject_field_values_list",
                "pick_list_params": {
                  "sobject_name": "\"Case\""
                },
                "toggle_field": {
                  "control_type": "text",
                  "label": "Case Type",
                  "toggle_hint": "Enter custom value",
                  "optional": true,
                  "custom": false,
                  "sfdc_createable": true,
                  "sfdc_updateable": true,
                  "type": "string",
                  "name": "Type"
                },
                "toggle_hint": "Select from list",
                "type": "string",
                "sfdc_createable": true,
                "sfdc_updateable": true
              },
              {
                "control_type": "checkbox",
                "custom": false,
                "label": "Closed",
                "name": "IsClosed",
                "optional": true,
                "parse_output": {
                },
                "toggle_field": {
                  "label": "Closed",
                  "control_type": "text",
                  "toggle_hint": "Use custom value",
                  "optional": true,
                  "custom": false,
                  "sfdc_createable": false,
                  "sfdc_updateable": false,
                  "type": "boolean",
                  "name": "IsClosed"
                },
                "toggle_hint": "Select from option list",
                "type": "boolean",
                "render_input": {
                },
                "sfdc_createable": false,
                "sfdc_updateable": false
              },
              {
                "control_type": "date_time",
                "custom": false,
                "label": "Closed Date",
                "name": "ClosedDate",
                "optional": true,
                "parse_output": "parse_iso8601_timestamp",
                "type": "date_time",
                "render_input": "render_iso8601_timestamp",
                "sfdc_createable": false,
                "sfdc_updateable": false
              },
              {
                "control_type": "text",
                "custom": false,
                "label": "Company",
                "name": "SuppliedCompany",
                "optional": true,
                "type": "string",
                "sfdc_createable": true,
                "sfdc_updateable": true
              },
              {
                "control_type": "text",
                "custom": false,
                "label": "Contact Email",
                "name": "ContactEmail",
                "optional": true,
                "type": "string",
                "sfdc_createable": false,
                "sfdc_updateable": false
              },
              {
                "control_type": "phone",
                "custom": false,
                "label": "Contact Fax",
                "name": "ContactFax",
                "optional": true,
                "type": "string",
                "sfdc_createable": false,
                "sfdc_updateable": false
              },
              {
                "control_type": "text",
                "custom": false,
                "label": "Contact ID",
                "name": "ContactId",
                "optional": true,
                "type": "string",
                "sfdc_createable": true,
                "sfdc_updateable": true
              },
              {
                "control_type": "phone",
                "custom": false,
                "label": "Contact Mobile",
                "name": "ContactMobile",
                "optional": true,
                "type": "string",
                "sfdc_createable": false,
                "sfdc_updateable": false
              },
              {
                "control_type": "phone",
                "custom": false,
                "label": "Contact Phone",
                "name": "ContactPhone",
                "optional": true,
                "type": "string",
                "sfdc_createable": false,
                "sfdc_updateable": false
              },
              {
                "control_type": "text",
                "custom": false,
                "label": "Created By ID",
                "name": "CreatedById",
                "optional": true,
                "type": "string",
                "sfdc_createable": false,
                "sfdc_updateable": false
              },
              {
                "control_type": "date_time",
                "custom": false,
                "label": "Created Date",
                "name": "CreatedDate",
                "optional": true,
                "parse_output": "parse_iso8601_timestamp",
                "type": "date_time",
                "render_input": "render_iso8601_timestamp",
                "sfdc_createable": false,
                "sfdc_updateable": false
              },
              {
                "control_type": "checkbox",
                "custom": false,
                "label": "Deleted",
                "name": "IsDeleted",
                "optional": true,
                "parse_output": {
                },
                "toggle_field": {
                  "label": "Deleted",
                  "control_type": "text",
                  "toggle_hint": "Use custom value",
                  "optional": true,
                  "custom": false,
                  "sfdc_createable": false,
                  "sfdc_updateable": false,
                  "type": "boolean",
                  "name": "IsDeleted"
                },
                "toggle_hint": "Select from option list",
                "type": "boolean",
                "render_input": {
                },
                "sfdc_createable": false,
                "sfdc_updateable": false
              },
              {
                "control_type": "text",
                "custom": false,
                "label": "Email Address",
                "name": "SuppliedEmail",
                "optional": true,
                "type": "string",
                "sfdc_createable": true,
                "sfdc_updateable": true
              },
              {
                "control_type": "checkbox",
                "custom": false,
                "label": "Escalated",
                "name": "IsEscalated",
                "optional": true,
                "parse_output": {
                },
                "toggle_field": {
                  "label": "Escalated",
                  "control_type": "text",
                  "toggle_hint": "Use custom value",
                  "optional": true,
                  "custom": false,
                  "sfdc_createable": true,
                  "sfdc_updateable": true,
                  "type": "boolean",
                  "name": "IsEscalated"
                },
                "toggle_hint": "Select from option list",
                "type": "boolean",
                "render_input": {
                },
                "sfdc_createable": true,
                "sfdc_updateable": true
              },
              {
                "control_type": "text",
                "custom": false,
                "label": "Last Modified By ID",
                "name": "LastModifiedById",
                "optional": true,
                "type": "string",
                "sfdc_createable": false,
                "sfdc_updateable": false
              },
              {
                "control_type": "date_time",
                "custom": false,
                "label": "Last Modified Date",
                "name": "LastModifiedDate",
                "optional": true,
                "parse_output": "parse_iso8601_timestamp",
                "type": "date_time",
                "render_input": "render_iso8601_timestamp",
                "sfdc_createable": false,
                "sfdc_updateable": false
              },
              {
                "control_type": "date_time",
                "custom": false,
                "label": "Last Referenced Date",
                "name": "LastReferencedDate",
                "optional": true,
                "parse_output": "parse_iso8601_timestamp",
                "type": "date_time",
                "render_input": "render_iso8601_timestamp",
                "sfdc_createable": false,
                "sfdc_updateable": false
              },
              {
                "control_type": "date_time",
                "custom": false,
                "label": "Last Viewed Date",
                "name": "LastViewedDate",
                "optional": true,
                "parse_output": "parse_iso8601_timestamp",
                "type": "date_time",
                "render_input": "render_iso8601_timestamp",
                "sfdc_createable": false,
                "sfdc_updateable": false
              },
              {
                "control_type": "text",
                "custom": false,
                "label": "Master Record ID",
                "name": "MasterRecordId",
                "optional": true,
                "type": "string",
                "sfdc_createable": false,
                "sfdc_updateable": false
              },
              {
                "control_type": "text",
                "custom": false,
                "label": "Name",
                "name": "SuppliedName",
                "optional": true,
                "type": "string",
                "sfdc_createable": true,
                "sfdc_updateable": true
              },
              {
                "control_type": "text",
                "custom": false,
                "label": "Owner ID",
                "name": "OwnerId",
                "optional": true,
                "type": "string",
                "sfdc_createable": true,
                "sfdc_updateable": true
              },
              {
                "control_type": "text",
                "custom": false,
                "label": "Parent Case ID",
                "name": "ParentId",
                "optional": true,
                "type": "string",
                "sfdc_createable": true,
                "sfdc_updateable": true
              },
              {
                "control_type": "text",
                "custom": false,
                "label": "Phone",
                "name": "SuppliedPhone",
                "optional": true,
                "type": "string",
                "sfdc_createable": true,
                "sfdc_updateable": true
              },
              {
                "control_type": "select",
                "custom": false,
                "label": "Priority",
                "name": "Priority",
                "optional": true,
                "pick_list": "sobject_field_values_list",
                "pick_list_params": {
                  "sobject_name": "\"Case\""
                },
                "toggle_field": {
                  "control_type": "text",
                  "label": "Priority",
                  "toggle_hint": "Enter custom value",
                  "optional": true,
                  "custom": false,
                  "sfdc_createable": true,
                  "sfdc_updateable": true,
                  "type": "string",
                  "name": "Priority"
                },
                "toggle_hint": "Select from list",
                "type": "string",
                "sfdc_createable": true,
                "sfdc_updateable": true
              },
              {
                "control_type": "text",
                "custom": false,
                "label": "Source ID",
                "name": "SourceId",
                "optional": true,
                "type": "string",
                "sfdc_createable": true,
                "sfdc_updateable": true
              },
              {
                "control_type": "select",
                "custom": false,
                "label": "Status",
                "name": "Status",
                "optional": true,
                "pick_list": "sobject_field_values_list",
                "pick_list_params": {
                  "sobject_name": "\"Case\""
                },
                "toggle_field": {
                  "control_type": "text",
                  "label": "Status",
                  "toggle_hint": "Enter custom value",
                  "optional": true,
                  "custom": false,
                  "sfdc_createable": true,
                  "sfdc_updateable": true,
                  "type": "string",
                  "name": "Status"
                },
                "toggle_hint": "Select from list",
                "type": "string",
                "sfdc_createable": true,
                "sfdc_updateable": true
              },
              {
                "control_type": "text",
                "custom": false,
                "label": "Subject",
                "name": "Subject",
                "optional": true,
                "type": "string",
                "sfdc_createable": true,
                "sfdc_updateable": true
              },
              {
                "control_type": "date_time",
                "custom": false,
                "label": "System Modstamp",
                "name": "SystemModstamp",
                "optional": true,
                "parse_output": "parse_iso8601_timestamp",
                "type": "date_time",
                "render_input": "render_iso8601_timestamp",
                "sfdc_createable": false,
                "sfdc_updateable": false
              },
              {
                "control_type": "text",
                "custom": true,
                "label": "Engineering Req Number",
                "name": "EngineeringReqNumber__c",
                "optional": true,
                "type": "string",
                "sfdc_createable": true,
                "sfdc_updateable": true
              },
              {
                "control_type": "select",
                "custom": true,
                "label": "Potential Liability",
                "name": "PotentialLiability__c",
                "optional": true,
                "pick_list": "sobject_field_values_list",
                "pick_list_params": {
                  "sobject_name": "\"Case\""
                },
                "toggle_field": {
                  "control_type": "text",
                  "label": "Potential Liability",
                  "toggle_hint": "Enter custom value",
                  "optional": true,
                  "custom": true,
                  "sfdc_createable": true,
                  "sfdc_updateable": true,
                  "type": "string",
                  "name": "PotentialLiability__c"
                },
                "toggle_hint": "Select from list",
                "type": "string",
                "sfdc_createable": true,
                "sfdc_updateable": true
              },
              {
                "control_type": "select",
                "custom": true,
                "label": "Product",
                "name": "Product__c",
                "optional": true,
                "pick_list": "sobject_field_values_list",
                "pick_list_params": {
                  "sobject_name": "\"Case\""
                },
                "toggle_field": {
                  "control_type": "text",
                  "label": "Product",
                  "toggle_hint": "Enter custom value",
                  "optional": true,
                  "custom": true,
                  "sfdc_createable": true,
                  "sfdc_updateable": true,
                  "type": "string",
                  "name": "Product__c"
                },
                "toggle_hint": "Select from list",
                "type": "string",
                "sfdc_createable": true,
                "sfdc_updateable": true
              },
              {
                "control_type": "select",
                "custom": true,
                "label": "SLA Violation",
                "name": "SLAViolation__c",
                "optional": true,
                "pick_list": "sobject_field_values_list",
                "pick_list_params": {
                  "sobject_name": "\"Case\""
                },
                "toggle_field": {
                  "control_type": "text",
                  "label": "SLA Violation",
                  "toggle_hint": "Enter custom value",
                  "optional": true,
                  "custom": true,
                  "sfdc_createable": true,
                  "sfdc_updateable": true,
                  "type": "string",
                  "name": "SLAViolation__c"
                },
                "toggle_hint": "Select from list",
                "type": "string",
                "sfdc_createable": true,
                "sfdc_updateable": true
              },
              {
                "control_type": "checkbox",
                "extends_schema": true,
                "hint": "Select <b>Yes</b> to obtain data from notes, attachments and files associated to the queried records. Default value is <b>Yes</b>.",
                "label": "Select combined attachments",
                "name": "include_combined_attachments",
                "optional": true,
                "parse_output": {
                },
                "type": "boolean",
                "render_input": {
                }
              }
            ],
            "visible_config_fields": [
              "sobject_name",
              "field_list",
              "limit",
              "Id",
              "Name",
              "SuppliedName"
            ],
            "uuid": "2161b3e1-971a-4dcf-9bd4-ed4f1420308c"
          },
          {
            "number": 3,
            "keyword": "if",
            "dynamicPickListSelection": {
            },
            "toggleCfg": {
            },
            "input": {
              "type": "compound",
              "operand": "and",
              "conditions": [
                {
                  "operand": "equals_to",
                  "lhs": "#{_('data.salesforce.c621dd29.list_size')}",
                  "rhs": "0"
                }
              ]
            },
            "block": [
              {
                "number": 4,
                "provider": "salesforce",
                "name": "create_custom_object",
                "as": "a8906cb9",
                "title": "Create Case",
                "description": "Create <span class=\"provider\">Case</span> in <span class=\"provider\">Salesforce</span>",
                "keyword": "action",
                "dynamicPickListSelection": {
                  "sobject_name": "Case"
                },
                "toggleCfg": {
                  "Status": false
                },
                "input": {
                  "sobject_name": "Case",
                  "Status": "=_('data.new_connector_1_connector_209050_1612935261.b7ea12f8.status') == 'Open' ? _('data.workato.job_context.account_properties.open_issue', 'account_property', 'open_issue') : _('data.workato.job_context.account_properties.closed_issue', 'account_property', 'closed_issue')"
                },
                "extended_input_schema": [
                  {
                    "control_type": "text",
                    "hint": "Leave empty to apply default assignment rules; enter special value <b>false</b> to apply no rules; or pass in specific rule ID",
                    "label": "Assignment rule ID",
                    "name": "assignment_rule_id",
                    "optional": true,
                    "type": "string"
                  },
                  {
                    "control_type": "text",
                    "custom": false,
                    "label": "Account ID",
                    "name": "AccountId",
                    "optional": true,
                    "sticky": true,
                    "type": "string",
                    "sfdc_createable": true,
                    "sfdc_updateable": true
                  },
                  {
                    "control_type": "text",
                    "custom": false,
                    "label": "Asset ID",
                    "name": "AssetId",
                    "optional": true,
                    "type": "string",
                    "sfdc_createable": true,
                    "sfdc_updateable": true
                  },
                  {
                    "control_type": "select",
                    "custom": false,
                    "label": "Case Origin",
                    "name": "Origin",
                    "optional": true,
                    "pick_list": "sobject_field_values_list",
                    "pick_list_params": {
                      "sobject_name": "\"Case\""
                    },
                    "sticky": true,
                    "toggle_field": {
                      "control_type": "text",
                      "label": "Case Origin",
                      "toggle_hint": "Enter custom value",
                      "optional": true,
                      "custom": false,
                      "sfdc_createable": true,
                      "sfdc_updateable": true,
                      "type": "string",
                      "name": "Origin"
                    },
                    "toggle_hint": "Select from list",
                    "type": "string",
                    "sfdc_createable": true,
                    "sfdc_updateable": true
                  },
                  {
                    "control_type": "select",
                    "custom": false,
                    "label": "Case Reason",
                    "name": "Reason",
                    "optional": true,
                    "pick_list": "sobject_field_values_list",
                    "pick_list_params": {
                      "sobject_name": "\"Case\""
                    },
                    "toggle_field": {
                      "control_type": "text",
                      "label": "Case Reason",
                      "toggle_hint": "Enter custom value",
                      "optional": true,
                      "custom": false,
                      "sfdc_createable": true,
                      "sfdc_updateable": true,
                      "type": "string",
                      "name": "Reason"
                    },
                    "toggle_hint": "Select from list",
                    "type": "string",
                    "sfdc_createable": true,
                    "sfdc_updateable": true
                  },
                  {
                    "control_type": "select",
                    "custom": false,
                    "label": "Case Type",
                    "name": "Type",
                    "optional": true,
                    "pick_list": "sobject_field_values_list",
                    "pick_list_params": {
                      "sobject_name": "\"Case\""
                    },
                    "sticky": true,
                    "toggle_field": {
                      "control_type": "text",
                      "label": "Case Type",
                      "toggle_hint": "Enter custom value",
                      "optional": true,
                      "custom": false,
                      "sfdc_createable": true,
                      "sfdc_updateable": true,
                      "type": "string",
                      "name": "Type"
                    },
                    "toggle_hint": "Select from list",
                    "type": "string",
                    "sfdc_createable": true,
                    "sfdc_updateable": true
                  },
                  {
                    "control_type": "text",
                    "custom": false,
                    "label": "Company",
                    "name": "SuppliedCompany",
                    "optional": true,
                    "type": "string",
                    "sfdc_createable": true,
                    "sfdc_updateable": true
                  },
                  {
                    "control_type": "text",
                    "custom": false,
                    "label": "Contact ID",
                    "name": "ContactId",
                    "optional": true,
                    "sticky": true,
                    "type": "string",
                    "sfdc_createable": true,
                    "sfdc_updateable": true
                  },
                  {
                    "control_type": "text-area",
                    "custom": false,
                    "label": "Description",
                    "name": "Description",
                    "optional": true,
                    "sticky": true,
                    "type": "string",
                    "sfdc_createable": true,
                    "sfdc_updateable": true
                  },
                  {
                    "control_type": "text",
                    "custom": false,
                    "label": "Email Address",
                    "name": "SuppliedEmail",
                    "optional": true,
                    "type": "string",
                    "sfdc_createable": true,
                    "sfdc_updateable": true
                  },
                  {
                    "control_type": "checkbox",
                    "custom": false,
                    "label": "Escalated",
                    "name": "IsEscalated",
                    "optional": true,
                    "parse_output": {
                    },
                    "toggle_field": {
                      "label": "Escalated",
                      "control_type": "text",
                      "toggle_hint": "Use custom value",
                      "optional": true,
                      "custom": false,
                      "sfdc_createable": true,
                      "sfdc_updateable": true,
                      "type": "boolean",
                      "name": "IsEscalated"
                    },
                    "toggle_hint": "Select from option list",
                    "type": "boolean",
                    "render_input": {
                    },
                    "sfdc_createable": true,
                    "sfdc_updateable": true
                  },
                  {
                    "control_type": "text-area",
                    "custom": false,
                    "label": "Internal Comments",
                    "name": "Comments",
                    "optional": true,
                    "type": "string",
                    "sfdc_createable": true,
                    "sfdc_updateable": true
                  },
                  {
                    "control_type": "text",
                    "custom": false,
                    "label": "Name",
                    "name": "SuppliedName",
                    "optional": true,
                    "type": "string",
                    "sfdc_createable": true,
                    "sfdc_updateable": true
                  },
                  {
                    "control_type": "text",
                    "custom": false,
                    "label": "Owner ID",
                    "name": "OwnerId",
                    "optional": true,
                    "sticky": true,
                    "type": "string",
                    "sfdc_createable": true,
                    "sfdc_updateable": true
                  },
                  {
                    "control_type": "text",
                    "custom": false,
                    "label": "Parent Case ID",
                    "name": "ParentId",
                    "optional": true,
                    "type": "string",
                    "sfdc_createable": true,
                    "sfdc_updateable": true
                  },
                  {
                    "control_type": "text",
                    "custom": false,
                    "label": "Phone",
                    "name": "SuppliedPhone",
                    "optional": true,
                    "type": "string",
                    "sfdc_createable": true,
                    "sfdc_updateable": true
                  },
                  {
                    "control_type": "select",
                    "custom": false,
                    "label": "Priority",
                    "name": "Priority",
                    "optional": true,
                    "pick_list": "sobject_field_values_list",
                    "pick_list_params": {
                      "sobject_name": "\"Case\""
                    },
                    "sticky": true,
                    "toggle_field": {
                      "control_type": "text",
                      "label": "Priority",
                      "toggle_hint": "Enter custom value",
                      "optional": true,
                      "custom": false,
                      "sfdc_createable": true,
                      "sfdc_updateable": true,
                      "type": "string",
                      "name": "Priority"
                    },
                    "toggle_hint": "Select from list",
                    "type": "string",
                    "sfdc_createable": true,
                    "sfdc_updateable": true
                  },
                  {
                    "control_type": "text",
                    "custom": false,
                    "label": "Source ID",
                    "name": "SourceId",
                    "optional": true,
                    "type": "string",
                    "sfdc_createable": true,
                    "sfdc_updateable": true
                  },
                  {
                    "control_type": "select",
                    "custom": false,
                    "label": "Status",
                    "name": "Status",
                    "optional": true,
                    "pick_list": "sobject_field_values_list",
                    "pick_list_params": {
                      "sobject_name": "\"Case\""
                    },
                    "sticky": true,
                    "toggle_field": {
                      "control_type": "text",
                      "label": "Status",
                      "toggle_hint": "Enter custom value",
                      "optional": true,
                      "custom": false,
                      "sfdc_createable": true,
                      "sfdc_updateable": true,
                      "type": "string",
                      "name": "Status"
                    },
                    "toggle_hint": "Select from list",
                    "type": "string",
                    "sfdc_createable": true,
                    "sfdc_updateable": true
                  },
                  {
                    "control_type": "text",
                    "custom": false,
                    "label": "Subject",
                    "name": "Subject",
                    "optional": true,
                    "sticky": true,
                    "type": "string",
                    "sfdc_createable": true,
                    "sfdc_updateable": true
                  },
                  {
                    "control_type": "text",
                    "custom": true,
                    "label": "Engineering Req Number",
                    "name": "EngineeringReqNumber__c",
                    "optional": true,
                    "type": "string",
                    "sfdc_createable": true,
                    "sfdc_updateable": true
                  },
                  {
                    "control_type": "select",
                    "custom": true,
                    "label": "Potential Liability",
                    "name": "PotentialLiability__c",
                    "optional": true,
                    "pick_list": "sobject_field_values_list",
                    "pick_list_params": {
                      "sobject_name": "\"Case\""
                    },
                    "toggle_field": {
                      "control_type": "text",
                      "label": "Potential Liability",
                      "toggle_hint": "Enter custom value",
                      "optional": true,
                      "custom": true,
                      "sfdc_createable": true,
                      "sfdc_updateable": true,
                      "type": "string",
                      "name": "PotentialLiability__c"
                    },
                    "toggle_hint": "Select from list",
                    "type": "string",
                    "sfdc_createable": true,
                    "sfdc_updateable": true
                  },
                  {
                    "control_type": "select",
                    "custom": true,
                    "label": "Product",
                    "name": "Product__c",
                    "optional": true,
                    "pick_list": "sobject_field_values_list",
                    "pick_list_params": {
                      "sobject_name": "\"Case\""
                    },
                    "toggle_field": {
                      "control_type": "text",
                      "label": "Product",
                      "toggle_hint": "Enter custom value",
                      "optional": true,
                      "custom": true,
                      "sfdc_createable": true,
                      "sfdc_updateable": true,
                      "type": "string",
                      "name": "Product__c"
                    },
                    "toggle_hint": "Select from list",
                    "type": "string",
                    "sfdc_createable": true,
                    "sfdc_updateable": true
                  },
                  {
                    "control_type": "select",
                    "custom": true,
                    "label": "SLA Violation",
                    "name": "SLAViolation__c",
                    "optional": true,
                    "pick_list": "sobject_field_values_list",
                    "pick_list_params": {
                      "sobject_name": "\"Case\""
                    },
                    "toggle_field": {
                      "control_type": "text",
                      "label": "SLA Violation",
                      "toggle_hint": "Enter custom value",
                      "optional": true,
                      "custom": true,
                      "sfdc_createable": true,
                      "sfdc_updateable": true,
                      "type": "string",
                      "name": "SLAViolation__c"
                    },
                    "toggle_hint": "Select from list",
                    "type": "string",
                    "sfdc_createable": true,
                    "sfdc_updateable": true
                  }
                ],
                "visible_config_fields": [
                  "sobject_name",
                  "Status",
                  "Subject"
                ],
                "hidden_config_fields": [
                  "AccountId",
                  "Origin",
                  "Type",
                  "ContactId",
                  "Description",
                  "OwnerId",
                  "Priority"
                ],
                "uuid": "5650319d-342f-44fc-aecb-5832fd8ac59c"
              },
              {
                "number": 5,
                "keyword": "else",
                "dynamicPickListSelection": {
                },
                "toggleCfg": {
                },
                "input": {
                },
                "block": [
                  {
                    "number": 6,
                    "provider": "salesforce",
                    "name": "update_sobject",
                    "as": "29eea9e6",
                    "title": "Update Case",
                    "description": "Update <span class=\"provider\">Case</span> in <span class=\"provider\">Salesforce</span>",
                    "keyword": "action",
                    "dynamicPickListSelection": {
                      "sobject_name": "Case"
                    },
                    "toggleCfg": {
                      "Status": false
                    },
                    "input": {
                      "sobject_name": "Case",
                      "id": "#{_('data.salesforce.c621dd29.Case.first.Id')}",
                      "Status": "=_('data.new_connector_1_connector_209050_1612935261.b7ea12f8.status') == 'Open' ? _('data.workato.job_context.account_properties.open_issue', 'account_property', 'open_issue') : _('data.workato.job_context.account_properties.closed_issue', 'account_property', 'closed_issue')"
                    },
                    "extended_input_schema": [
                      {
                        "control_type": "text",
                        "hint": "Salesforce internal ID of Case to update",
                        "label": "Case ID",
                        "name": "id",
                        "type": "string",
                        "key_scope": "case"
                      },
                      {
                        "control_type": "text",
                        "hint": "Leave empty to not apply assignment rules; the special value <b>true</b> to apply the default assignment rules; or pass specific rule ID.",
                        "label": "Assignment rule ID",
                        "name": "assignment_rule_id",
                        "optional": true,
                        "type": "string"
                      },
                      {
                        "control_type": "text",
                        "custom": false,
                        "label": "Account ID",
                        "name": "AccountId",
                        "optional": true,
                        "type": "string",
                        "sfdc_createable": true,
                        "sfdc_updateable": true
                      },
                      {
                        "control_type": "text",
                        "custom": false,
                        "label": "Asset ID",
                        "name": "AssetId",
                        "optional": true,
                        "type": "string",
                        "sfdc_createable": true,
                        "sfdc_updateable": true
                      },
                      {
                        "control_type": "select",
                        "custom": false,
                        "label": "Case Origin",
                        "name": "Origin",
                        "optional": true,
                        "pick_list": "sobject_field_values_list",
                        "pick_list_params": {
                          "sobject_name": "\"Case\""
                        },
                        "toggle_field": {
                          "control_type": "text",
                          "label": "Case Origin",
                          "toggle_hint": "Enter custom value",
                          "optional": true,
                          "custom": false,
                          "sfdc_createable": true,
                          "sfdc_updateable": true,
                          "type": "string",
                          "name": "Origin"
                        },
                        "toggle_hint": "Select from list",
                        "type": "string",
                        "sfdc_createable": true,
                        "sfdc_updateable": true
                      },
                      {
                        "control_type": "select",
                        "custom": false,
                        "label": "Case Reason",
                        "name": "Reason",
                        "optional": true,
                        "pick_list": "sobject_field_values_list",
                        "pick_list_params": {
                          "sobject_name": "\"Case\""
                        },
                        "toggle_field": {
                          "control_type": "text",
                          "label": "Case Reason",
                          "toggle_hint": "Enter custom value",
                          "optional": true,
                          "custom": false,
                          "sfdc_createable": true,
                          "sfdc_updateable": true,
                          "type": "string",
                          "name": "Reason"
                        },
                        "toggle_hint": "Select from list",
                        "type": "string",
                        "sfdc_createable": true,
                        "sfdc_updateable": true
                      },
                      {
                        "control_type": "select",
                        "custom": false,
                        "label": "Case Type",
                        "name": "Type",
                        "optional": true,
                        "pick_list": "sobject_field_values_list",
                        "pick_list_params": {
                          "sobject_name": "\"Case\""
                        },
                        "toggle_field": {
                          "control_type": "text",
                          "label": "Case Type",
                          "toggle_hint": "Enter custom value",
                          "optional": true,
                          "custom": false,
                          "sfdc_createable": true,
                          "sfdc_updateable": true,
                          "type": "string",
                          "name": "Type"
                        },
                        "toggle_hint": "Select from list",
                        "type": "string",
                        "sfdc_createable": true,
                        "sfdc_updateable": true
                      },
                      {
                        "control_type": "text",
                        "custom": false,
                        "label": "Company",
                        "name": "SuppliedCompany",
                        "optional": true,
                        "type": "string",
                        "sfdc_createable": true,
                        "sfdc_updateable": true
                      },
                      {
                        "control_type": "text",
                        "custom": false,
                        "label": "Contact ID",
                        "name": "ContactId",
                        "optional": true,
                        "type": "string",
                        "sfdc_createable": true,
                        "sfdc_updateable": true
                      },
                      {
                        "control_type": "text-area",
                        "custom": false,
                        "label": "Description",
                        "name": "Description",
                        "optional": true,
                        "type": "string",
                        "sfdc_createable": true,
                        "sfdc_updateable": true
                      },
                      {
                        "control_type": "text",
                        "custom": false,
                        "label": "Email Address",
                        "name": "SuppliedEmail",
                        "optional": true,
                        "type": "string",
                        "sfdc_createable": true,
                        "sfdc_updateable": true
                      },
                      {
                        "control_type": "checkbox",
                        "custom": false,
                        "label": "Escalated",
                        "name": "IsEscalated",
                        "optional": true,
                        "parse_output": {
                        },
                        "toggle_field": {
                          "label": "Escalated",
                          "control_type": "text",
                          "toggle_hint": "Use custom value",
                          "optional": true,
                          "custom": false,
                          "sfdc_createable": true,
                          "sfdc_updateable": true,
                          "type": "boolean",
                          "name": "IsEscalated"
                        },
                        "toggle_hint": "Select from option list",
                        "type": "boolean",
                        "render_input": {
                        },
                        "sfdc_createable": true,
                        "sfdc_updateable": true
                      },
                      {
                        "control_type": "text-area",
                        "custom": false,
                        "label": "Internal Comments",
                        "name": "Comments",
                        "optional": true,
                        "type": "string",
                        "sfdc_createable": true,
                        "sfdc_updateable": true
                      },
                      {
                        "control_type": "text",
                        "custom": false,
                        "label": "Name",
                        "name": "SuppliedName",
                        "optional": true,
                        "type": "string",
                        "sfdc_createable": true,
                        "sfdc_updateable": true
                      },
                      {
                        "control_type": "text",
                        "custom": false,
                        "label": "Owner ID",
                        "name": "OwnerId",
                        "optional": true,
                        "type": "string",
                        "sfdc_createable": true,
                        "sfdc_updateable": true
                      },
                      {
                        "control_type": "text",
                        "custom": false,
                        "label": "Parent Case ID",
                        "name": "ParentId",
                        "optional": true,
                        "type": "string",
                        "sfdc_createable": true,
                        "sfdc_updateable": true
                      },
                      {
                        "control_type": "text",
                        "custom": false,
                        "label": "Phone",
                        "name": "SuppliedPhone",
                        "optional": true,
                        "type": "string",
                        "sfdc_createable": true,
                        "sfdc_updateable": true
                      },
                      {
                        "control_type": "select",
                        "custom": false,
                        "label": "Priority",
                        "name": "Priority",
                        "optional": true,
                        "pick_list": "sobject_field_values_list",
                        "pick_list_params": {
                          "sobject_name": "\"Case\""
                        },
                        "toggle_field": {
                          "control_type": "text",
                          "label": "Priority",
                          "toggle_hint": "Enter custom value",
                          "optional": true,
                          "custom": false,
                          "sfdc_createable": true,
                          "sfdc_updateable": true,
                          "type": "string",
                          "name": "Priority"
                        },
                        "toggle_hint": "Select from list",
                        "type": "string",
                        "sfdc_createable": true,
                        "sfdc_updateable": true
                      },
                      {
                        "control_type": "text",
                        "custom": false,
                        "label": "Source ID",
                        "name": "SourceId",
                        "optional": true,
                        "type": "string",
                        "sfdc_createable": true,
                        "sfdc_updateable": true
                      },
                      {
                        "control_type": "select",
                        "custom": false,
                        "label": "Status",
                        "name": "Status",
                        "optional": true,
                        "pick_list": "sobject_field_values_list",
                        "pick_list_params": {
                          "sobject_name": "\"Case\""
                        },
                        "sticky": true,
                        "toggle_field": {
                          "control_type": "text",
                          "label": "Status",
                          "toggle_hint": "Enter custom value",
                          "optional": true,
                          "custom": false,
                          "sfdc_createable": true,
                          "sfdc_updateable": true,
                          "type": "string",
                          "name": "Status"
                        },
                        "toggle_hint": "Select from list",
                        "type": "string",
                        "sfdc_createable": true,
                        "sfdc_updateable": true
                      },
                      {
                        "control_type": "text",
                        "custom": false,
                        "label": "Subject",
                        "name": "Subject",
                        "optional": true,
                        "type": "string",
                        "sfdc_createable": true,
                        "sfdc_updateable": true
                      },
                      {
                        "control_type": "text",
                        "custom": true,
                        "label": "Engineering Req Number",
                        "name": "EngineeringReqNumber__c",
                        "optional": true,
                        "type": "string",
                        "sfdc_createable": true,
                        "sfdc_updateable": true
                      },
                      {
                        "control_type": "select",
                        "custom": true,
                        "label": "Potential Liability",
                        "name": "PotentialLiability__c",
                        "optional": true,
                        "pick_list": "sobject_field_values_list",
                        "pick_list_params": {
                          "sobject_name": "\"Case\""
                        },
                        "toggle_field": {
                          "control_type": "text",
                          "label": "Potential Liability",
                          "toggle_hint": "Enter custom value",
                          "optional": true,
                          "custom": true,
                          "sfdc_createable": true,
                          "sfdc_updateable": true,
                          "type": "string",
                          "name": "PotentialLiability__c"
                        },
                        "toggle_hint": "Select from list",
                        "type": "string",
                        "sfdc_createable": true,
                        "sfdc_updateable": true
                      },
                      {
                        "control_type": "select",
                        "custom": true,
                        "label": "Product",
                        "name": "Product__c",
                        "optional": true,
                        "pick_list": "sobject_field_values_list",
                        "pick_list_params": {
                          "sobject_name": "\"Case\""
                        },
                        "toggle_field": {
                          "control_type": "text",
                          "label": "Product",
                          "toggle_hint": "Enter custom value",
                          "optional": true,
                          "custom": true,
                          "sfdc_createable": true,
                          "sfdc_updateable": true,
                          "type": "string",
                          "name": "Product__c"
                        },
                        "toggle_hint": "Select from list",
                        "type": "string",
                        "sfdc_createable": true,
                        "sfdc_updateable": true
                      },
                      {
                        "control_type": "select",
                        "custom": true,
                        "label": "SLA Violation",
                        "name": "SLAViolation__c",
                        "optional": true,
                        "pick_list": "sobject_field_values_list",
                        "pick_list_params": {
                          "sobject_name": "\"Case\""
                        },
                        "toggle_field": {
                          "control_type": "text",
                          "label": "SLA Violation",
                          "toggle_hint": "Enter custom value",
                          "optional": true,
                          "custom": true,
                          "sfdc_createable": true,
                          "sfdc_updateable": true,
                          "type": "string",
                          "name": "SLAViolation__c"
                        },
                        "toggle_hint": "Select from list",
                        "type": "string",
                        "sfdc_createable": true,
                        "sfdc_updateable": true
                      }
                    ],
                    "uuid": "077f88ff-f456-481b-b178-1048f84f4405"
                  }
                ],
                "uuid": "38dc4405-e2a9-42a3-a7ec-8c6acff3d9c3"
              }
            ],
            "uuid": "8a6081d4-a3cd-4d79-ba1a-b99b5507e7af"
          },
          {
            "number": 7,
            "as": "81419675",
            "keyword": "catch",
            "dynamicPickListSelection": {
            },
            "toggleCfg": {
            },
            "input": {
              "max_retry_count": "0",
              "retry_interval": "2"
            },
            "block": [
              {
                "number": 8,
                "keyword": "stop",
                "dynamicPickListSelection": {
                },
                "toggleCfg": {
                },
                "input": {
                  "stop_with_error": "true",
                  "stop_reason": "#{_('data.catch.81419675.type')}"
                },
                "uuid": "b3a320b4-e1a9-4e7b-babe-e917fc4f944f"
              }
            ],
            "uuid": "193b67fd-d8d3-4914-93c4-147ba372505f"
          }
        ],
        "uuid": "4206a9bb-bdb9-4a0c-81cd-8a559fbd8b8c"
      }
    ],
    "uuid": "ad3060dc-15d3-425b-9d75-b8311542b91c"
  },
  "config": [
    {
      "keyword": "application",
      "provider": "new_connector_1_connector_209050_1612935261",
      "account_id": null,
      "skip_validation": false
    },
    {
      "keyword": "application",
      "provider": "salesforce",
      "account_id": {
        "zip_name": "embedded_sandbox.connection.json",
        "name": "Embedded Sandbox",
        "folder": ""
      },
      "skip_validation": false
    }
  ]
}